Año,Mes,Bacteriología,Turbiedad,Cloro Libre,Cloro Libre - Calidad,Parámetros Mensuales - Muestra,Parámetros Mensuales - Calidad,Parámetros Semestrales - Muestra,Parámetros Semestrales - Calidad,Control Mensual,Control Semestral
2022.0,Total Anual,0.9947885711157446,0.9992140852061834,0.9965140969268722,0.9870669366665541,0.997244286503499,0.9961900446912737,0.9967971542100132,0.9989393572385152,0.9964093523745023,0.9961695581471224
