Año,Mes,Bacteriología,Turbiedad,Cloro Libre,Cloro Libre - Calidad,Parámetros Mensuales - Muestra,Parámetros Mensuales - Calidad,Parámetros Semestrales - Muestra,Parámetros Semestrales - Calidad,Control Mensual,Control Semestral
2019.0,Total Anual,0.9641031502131728,0.9974606714584938,0.9908973226868584,0.8769681422644484,0.9914684043225713,0.99875233061268,0.9857824190586494,0.9877232514281237,0.9980777474999373,0.9972670503447739
