Año,Mes,Bacteriología,Turbiedad,Cloro Libre,Cloro Libre - Calidad,Parámetros Mensuales - Muestra,Parámetros Mensuales - Calidad,Parámetros Semestrales - Muestra,Parámetros Semestrales - Calidad,Control Mensual,Control Semestral
2023.0,Total Anual,0.9635714162517396,0.9997206630449021,0.9914901122722185,0.9856285824945824,0.9973142783329875,0.9998038255010471,0.9947655208342248,0.9977750566929263,0.9973352696796036,0.996836880631134
