Año,Mes,Bacteriología,Turbiedad,Cloro Libre,Cloro Libre - Calidad,Parámetros Mensuales - Muestra,Parámetros Mensuales - Calidad,Parámetros Semestrales - Muestra,Parámetros Semestrales - Calidad,Control Mensual,Control Semestral
Resultado2019,Total Anual,0.9641031502131728,0.9974606714584938,0.9908973226868584,0.8769681422644484,0.9914684043225712,0.99875233061268,0.9857824190586494,0.9877232514281236,0.9980777474999372,0.997267050344774
Resultado2020,Total Anual,0.9660726875996464,0.9993789731389804,0.9394166713779374,0.9548999848652618,0.9675638379992784,0.9991857722325964,0.9658009328186564,0.9973079893122988,0.9937166229901574,0.993519603829343
Resultado2021,Total Anual,0.9750113734412652,0.9994870502630944,0.9755904412989712,0.9232552892913514,0.977773521943374,0.9981532641176734,0.9702461625834434,0.999478689531564,0.9856392407516426,0.985276142666044
Resultado2022,Total Anual,0.9947885711157446,0.9992140852061834,0.9965140969268722,0.987066936666554,0.997244286503499,0.9961900446912736,0.9967971542100132,0.9989393572385152,0.9964093523745025,0.9961695581471224
Resultado2023,Total Anual,0.9635714162517396,0.999720663044902,0.9914901122722184,0.9856285824945824,0.9973142783329876,0.9998038255010472,0.9947655208342248,0.9977750566929264,0.9973352696796036,0.996836880631134
